{
    "name": "Ali.ce",
    "vendorId": "0x5242",
    "productId": "0x414C",
    "lighting": "qmk_rgblight",
    "matrix": {
      "rows": 5,
      "cols": 19
    },
    "layouts": {
      "labels": [
        "Split Backspace",
        "Split RShift"
  
      ],
      "keymap": [
        [
          {
            "x": 15.5,
            "c": "#aaaaaa"
          },
          "0,14\n\n\n0,1",
          "0,15\n\n\n0,1"
        ],
        [
          {
            "y": -0.09999999999999998,
            "x": 0.75,
            "c": "#777777"
          },
          "0,0"
        ],
        [
          {
            "y": -0.95,
            "x": 4,
            "c": "#cccccc"
          },
          "0,3"
        ],
        [
          {
            "y": -0.95,
            "x": 2
          },
          "0,1",
          "0,2"
        ],
        [
          {
            "y": -0.8,
            "x": 13.4
          },
          "0,12"
        ],
        [
          {
            "y": -0.95,
            "x": 14.4
          },
          "0,13",
          {
            "c": "#aaaaaa",
            "w": 2
          },
          "0,14\n\n\n0,0",
          {
            "x": 0.8500000000000014,
            "c": "#cccccc"
          },
          "0,16",
          "0,17",
          "0,18"
        ],
        [
          {
            "y": -0.3500000000000001,
            "x": 0.5
          },
          "1,0"
        ],
        [
          {
            "y": -0.8999999999999999,
            "x": 1.75,
            "c": "#aaaaaa",
            "w": 1.5
          },
          "1,1",
          {
            "c": "#cccccc"
          },
          "1,2"
        ],
        [
          {
            "y": -0.7999999999999998,
            "x": 13.25
          },
          "1,11"
        ],
        [
          {
            "y": -0.9500000000000002,
            "x": 14.25
          },
          "1,12",
          "1,13",
          {
            "w": 1.5
          },
          "1,14",
          {
            "x": 0.5
          },
          "1,16",
          "1,17",
          "1,18"
        ],
        [
          {
            "y": -0.3500000000000001,
            "x": 0.25
          },
          "2,0"
        ],
        [
          {
            "y": -0.8999999999999999,
            "x": 1.5,
            "c": "#aaaaaa",
            "w": 1.75
          },
          "2,1",
          {
            "c": "#cccccc"
          },
          "2,2"
        ],
        [
          {
            "y": -0.75,
            "x": 13.65
          },
          "2,11",
          "2,12",
          {
            "c": "#777777",
            "w": 2.25
          },
          "2,13"
        ],
        [
          {
            "y": -0.25,
            "c": "#cccccc"
          },
          "3,0",
          {
            "x": 0.25,
            "c": "#aaaaaa",
            "w": 2.25
          },
          "3,1",
          {
            "c": "#cccccc"
          },
          "3,2"
        ],
        [
          {
            "y": -0.75,
            "x": 13.35
          },
          "3,11",
          "3,12",
          {
            "c": "#aaaaaa",
            "w": 2.5
          },
          "3,14\n\n\n1,0",
          {
            "x": 1.3999999999999986
          },
          "3,17"
        ],
        [
          {
            "y": -0.25,
            "x": 1.25,
            "w": 1.5
          },
          "4,1"
        ],
        [
          {
            "y": -0.75,
            "x": 16.35,
            "w": 1.5
          },
          "4,14",
          {
            "x": 0.3999999999999986
          },
          "4,16",
          {
            "x": 1
          },
          "4,18"
        ],
        [
          {
            "y": 0.25,
            "x": 15.25
          },
          "3,13\n\n\n1,1",
          {
            "w": 1.5
          },
          "3,14\n\n\n1,1"
        ],
        [
          {
            "ry": 0.25,
            "y": 5,
            "x": 19.25
          },
          "4,17"
        ],
        [
          {
            "r": 12,
            "ry": 0,
            "x": 5.35,
            "c": "#cccccc"
          },
          "0,4",
          "0,5",
          "0,6",
          "0,7"
        ],
        [
          {
            "x": 4.85
          },
          "1,3",
          "1,4",
          "1,5",
          "1,6"
        ],
        [
          {
            "x": 5.1
          },
          "2,3",
          "2,4",
          "2,5",
          "2,6"
        ],
        [
          {
            "x": 5.55
          },
          "3,3",
          "3,4",
          "3,5",
          "3,6"
        ],
        [
          {
            "x": 6.8,
            "w": 2
          },
          "4,5",
          {
            "x": 0.05000000000000071,
            "c": "#aaaaaa",
            "w": 1.25
          },
          "4,6"
        ],
        [
          {
            "y": -0.8899999999999997,
            "x": 5.25,
            "w": 1.5
          },
          "4,3"
        ],
        [
          {
            "r": -12,
            "y": -1.2599999999999998,
            "x": 8.7,
            "c": "#cccccc"
          },
          "0,8",
          "0,9",
          "0,10",
          "0,11"
        ],
        [
          {
            "x": 8.3
          },
          "1,7",
          "1,8",
          "1,9",
          "1,10"
        ],
        [
          {
            "x": 8.45
          },
          "2,7",
          "2,8",
          "2,9",
          "2,10"
        ],
        [
          {
            "x": 8
          },
          "3,7",
          "3,8",
          "3,9",
          "3,10"
        ],
        [
          {
            "x": 8,
            "w": 2.75
          },
          "4,8"
        ],
        [
          {
            "y": -0.9000000000000004,
            "x": 10.8,
            "c": "#aaaaaa",
            "w": 1.5
          },
          "4,11"
        ]
        ]
    }
  }
  